interview_id,title,rights,contributor,credit,n_segments,has_transcript
ddr-densho-1000-1,Gene Akutsu Interview I,cc,Densho,,37,True
ddr-densho-1000-2,Jim Akutsu Interview,cc,Densho,,50,True
ddr-densho-1000-3,Terry Aratani  -  Fred Matsumura  -  Kenneth Okuma  -  Henry Bruno Yamada Interview,cc,Densho,,17,True
ddr-densho-1000-4,Yone Bartholomew Interview I,cc,Densho,,28,True
ddr-densho-1000-5,Yone Bartholomew Interview II,cc,Densho,,40,True
ddr-densho-1000-6,Sue K. Embrey Interview,cc,Densho,,11,True
ddr-densho-1000-7,George Fugami Interview,cc,Densho,,55,True
ddr-densho-1000-8,Frank S. Fujii Interview,cc,Densho,,42,True
ddr-densho-1000-9,Francis Mas Fukuhara Interview,cc,Densho,,27,True
ddr-densho-1000-10,Fumiko Uyeda Groves Interview,cc,Densho,,45,True
ddr-densho-1000-11,Junkoh Harui Interview,cc,Densho,,27,True
ddr-densho-1000-12,Mitsuko Hashiguchi Interview,cc,Densho,,81,True
ddr-densho-1000-13,Susan Hayase Interview,cc,Densho,,11,True
ddr-densho-1000-14,Seichi Hayashida Interview,cc,Densho,,39,True
ddr-densho-1000-15,Fumiko Hayashida Interview,cc,Densho,,40,True
ddr-densho-1000-16,Aiko Herzig-Yoshinaga Interview I,cc,Densho,,9,True
ddr-densho-1000-17,Gordon Hirabayashi Interview I,cc,Densho,,26,True
ddr-densho-1000-18,Gordon Hirabayashi Interview II,cc,Densho,,18,True
ddr-densho-1000-19,Gordon Hirabayashi Interview III,cc,Densho,,8,True
ddr-densho-1000-20,Gordon Hirabayashi Interview IV,cc,Densho,,14,True
ddr-densho-1000-21,Fred Hirasuna Interview,cc,Densho,,14,True
ddr-densho-1000-22,Mary Hirata Interview,cc,Densho,,38,True
ddr-densho-1000-23,Tokio Hirotaka - Toshio Ito - Joe Matsuzawa Interview,cc,Densho,,47,True
ddr-densho-1000-24,Mutsu Homma Interview,cc,Densho,,56,True
ddr-densho-1000-25,Takashi Hori - Yoshito Mizuta - Elmer Tazuma Interview,cc,Densho,,54,True
ddr-densho-1000-26,Akio Hoshino Interview,cc,Densho,,17,True
ddr-densho-1000-27,Ryo Imamura Interview,cc,Densho,,35,True
ddr-densho-1000-28,Daniel Inouye Interview,cc,Densho,,20,True
ddr-densho-1000-29,Susumu Ito Interview,cc,Densho,,28,True
ddr-densho-1000-30,Hitoshi H. Kajihara Interview,cc,Densho,,13,True
ddr-densho-1000-31,Louise Kashino Interview,cc,Densho,,32,True
ddr-densho-1000-32,Louise Kashino - Sadaichi Kubota - Bill Thompson Interview,cc,Densho,,19,True
ddr-densho-1000-33,Chris Kato - Yoshi Mamiya - Tad Sato Interview,cc,Densho,,23,True
ddr-densho-1000-34,Cherry Kinoshita Interview,cc,Densho,,29,True
ddr-densho-1000-35,Frank Kitamoto Interview,cc,Densho,,43,True
ddr-densho-1000-36,Minoru Kiyota Interview,cc,Densho,,14,True
ddr-densho-1000-37,Kenge Kobayashi Interview,cc,Densho,,21,True
ddr-densho-1000-38,Spady Koyama Interview I,cc,Densho,,26,True
ddr-densho-1000-39,Spady Koyama Interview II,cc,Densho,,15,True
ddr-densho-1000-40,Sadaichi Kubota Interview,cc,Densho,,34,True
ddr-densho-1000-41,Akiko Kurose Interview I,cc,Densho,,31,True
ddr-densho-1000-42,Akiko Kurose Interview II,cc,Densho,,26,True
ddr-densho-1000-43,Angus Macbeth Interview,cc,Densho,,19,True
ddr-densho-1000-44,William Marutani Interview,cc,Densho,,25,True
ddr-densho-1000-45,Takashi Matsui Interview,cc,Densho,,36,True
ddr-densho-1000-46,Fred Matsumura Interview,cc,Densho,,34,True
ddr-densho-1000-47,Tom Matsuoka Interview,cc,Densho,,32,True
ddr-densho-1000-48,Kay Matsuoka Interview,cc,Densho,,49,True
ddr-densho-1000-49,Yukiko Miyake Interview,cc,Densho,,36,True
ddr-densho-1000-50,Frank Miyamoto Interview I,cc,Densho,,19,True
ddr-densho-1000-51,Frank Miyamoto Interview II,cc,Densho,,22,True
ddr-densho-1000-52,Frank Miyamoto Interview III,cc,Densho,,29,True
ddr-densho-1000-53,Henry Miyatake Interview I,cc,Densho,,23,True
ddr-densho-1000-54,Henry Miyatake Interview II,cc,Densho,,26,True
ddr-densho-1000-55,Henry Miyatake Interview III,cc,Densho,,21,True
ddr-densho-1000-56,Henry Miyatake Interview IV,cc,Densho,,19,True
ddr-densho-1000-57,Henry Miyatake Interview V,cc,Densho,,35,True
ddr-densho-1000-58,Henry Miyatake Interview VI,cc,Densho,,18,True
ddr-densho-1000-59,Tomio Moriguchi Interview I,cc,Densho,,27,True
ddr-densho-1000-60,Tomio Moriguchi Interview II,cc,Densho,,23,True
ddr-densho-1000-61,Tomio Moriguchi Interview III,cc,Densho,,4,True
ddr-densho-1000-62,Tomio Moriguchi Interview IV,cc,Densho,,10,True
ddr-densho-1000-63,Ayako Murakami - Masako Murakami Interview,cc,Densho,,32,True
ddr-densho-1000-64,Richard Murakami Interview,cc,Densho,,49,True
ddr-densho-1000-65,Paul Nagano Interview,cc,Densho,,18,True
ddr-densho-1000-66,Mako Nakagawa Interview,cc,Densho,,38,True
ddr-densho-1000-67,Bert Nakano Interview,cc,Densho,,8,True
ddr-densho-1000-68,Isami Nakao - Kazuko Nakao Interview,cc,Densho,,28,True
ddr-densho-1000-69,Hiroko Nakashima Interview,cc,Densho,,28,True
ddr-densho-1000-70,Yaeko Nakano - Hiroshi Nakano - Kenichi Nakano - Stanley Nakano Interview,cc,Densho,,16,True
ddr-densho-1000-71,Martha Nishitani Interview,cc,Densho,,49,True
ddr-densho-1000-72,Fumiko M. Noji Interview,cc,Densho,,41,True
ddr-densho-1000-73,Chizuko Norton Interview,cc,Densho,,42,True
ddr-densho-1000-74,Sue Takimoto Okabe Interview,cc,Densho,,17,True
ddr-densho-1000-75,Kunio Otani Interview,cc,Densho,,55,True
ddr-densho-1000-76,Toru Sakahara - Kiyo Sakahara Interview I,cc,Densho,,35,True
ddr-densho-1000-77,Toru Sakahara - Kiyo Sakahara Interview II,cc,Densho,,47,True
ddr-densho-1000-78,Shosuke Sasaki Interview,cc,Densho,,29,True
ddr-densho-1000-79,May K. Sasaki Interview,cc,Densho,,38,True
ddr-densho-1000-80,Rick Sato Interview,cc,Densho,,18,True
ddr-densho-1000-81,Sarah Sato Interview,cc,Densho,,35,True
ddr-densho-1000-82,Tad Sato Interview,cc,Densho,,26,True
ddr-densho-1000-83,Floyd Schmoe Interview I,cc,Densho,,14,True
ddr-densho-1000-84,Nobu Suzuki Interview I,cc,Densho,,43,True
ddr-densho-1000-85,Peggy Tanemura Interview,cc,Densho,,20,True
ddr-densho-1000-86,Floyd Schmoe Interview II,cc,Densho,,13,True
ddr-densho-1000-87,Nobu Suzuki Interview II,cc,Densho,,33,True
ddr-densho-1000-88,June Takahashi Interview,cc,Densho,,40,True
ddr-densho-1000-89,Rae Takekawa Interview,cc,Densho,,42,True
ddr-densho-1000-90,Bill Thompson Interview,cc,Densho,,17,True
ddr-densho-1000-91,Rudy Tokiwa Interview I,cc,Densho,,10,True
ddr-densho-1000-92,Rudy Tokiwa Interview II,cc,Densho,,65,True
ddr-densho-1000-93,Chiye Tomihiro Interview,cc,Densho,,14,True
ddr-densho-1000-94,Ayame Tsutakawa Interview I,cc,Densho,,23,True
ddr-densho-1000-95,Ayame Tsutakawa Interview II,cc,Densho,,30,True
ddr-densho-1000-96,Ayame Tsutakawa - Mayumi Tsutakawa - Kenzan Tsutakawa-Chinn - Yayoi Tsutakawa-Chinn,cc,Densho,,9,True
ddr-densho-1000-97,Grant Ujifusa Interview I,cc,Densho,,15,True
ddr-densho-1000-98,Shigeko Sese Uno Interview,cc,Densho,,32,True
ddr-densho-1000-99,Grayce Uyehara Interview,cc,Densho,,12,True
ddr-densho-1000-100,Ben Uyeno Interview,cc,Densho,,41,True
ddr-densho-1000-101,Edith Watanabe Interview,cc,Densho,,30,True
ddr-densho-1000-102,Harvey Watanabe Interview,cc,Densho,,33,True
ddr-densho-1000-103,Masao Watanabe Interview,cc,Densho,,50,True
ddr-densho-1000-104,Walt Woodward Interview,cc,Densho,,10,True
ddr-densho-1000-105,Henry Bruno Yamada Interview,cc,Densho,,12,True
ddr-densho-1000-106,Jimi Yamaichi Interview I,cc,Densho,,18,True
ddr-densho-1000-107,Frank Yamasaki Interview I,cc,Densho,,35,True
ddr-densho-1000-108,Asano Terao Interview I,cc,Densho,,45,True
ddr-densho-1000-109,Asano Terao Interview II,cc,Densho,,33,True
ddr-densho-1000-110,Take Murayama Interview,cc,Densho,,10,True
ddr-densho-1000-111,Yasashi Ichikawa Interview I,cc,Densho,,32,True
ddr-densho-1000-112,Yasashi Ichikawa Interview II,cc,Densho,,35,True
ddr-densho-1000-113,Lorraine Bannai Interview,cc,Densho,,39,True
ddr-densho-1000-114,Robert Mizukami Interview,cc,Densho,,21,True
ddr-densho-1000-115,Gordon Hirabayashi Interview V,cc,Densho,,18,True
ddr-densho-1000-116,John Kanda Interview,cc,Densho,,13,True
ddr-densho-1000-117,Joseph Frisino Interview,cc,Densho,,34,True
ddr-densho-1000-118,Marian Asao Kurosu Interview,cc,Densho,,84,True
ddr-densho-1000-119,Bill Nishimura Interview,cc,Densho,,11,True
ddr-densho-1000-120,Marianne West Interview,cc,Densho,,10,True
ddr-densho-1000-121,Charles Olds Interview,cc,Densho,,6,True
ddr-densho-1000-122,Tomiye Terasaki Interview,cc,Densho,,17,True
ddr-densho-1000-123,"Tsuguo ""Ike"" Ikeda Interview I",cc,Densho,,30,True
ddr-densho-1000-124,"Tsuguo ""Ike"" Ikeda Interview II",cc,Densho,,14,True
ddr-densho-1000-125,"Tsuguo ""Ike"" Ikeda Interview III",cc,Densho,,9,True
ddr-densho-1000-126,Peter Irons Interview I,cc,Densho,,22,True
ddr-densho-1000-127,Peter Irons Interview II,cc,Densho,,25,True
ddr-densho-1000-128,Paul Bannai Interview I,cc,Densho,,27,True
ddr-densho-1000-129,Bill Hosokawa Interview,cc,Densho,,30,True
ddr-densho-1000-130,Mits Koshiyama Interview,cc,Densho,,21,True
ddr-densho-1000-131,Frank Yamasaki Interview II,cc,Densho,,17,True
ddr-densho-1000-132,George Yoshida Interview,cc,Densho,,49,True
ddr-densho-1000-133,Grant Ujifusa Interview II,cc,Densho,,18,True
ddr-densho-1000-135,Mitsuye May Yamada - Joe Yasutake - Tosh Yasutake Interview,cc,Densho,,86,True
ddr-densho-1000-136,Joe Yasutake Interview,cc,Densho,,21,True
ddr-densho-1000-137,Mitsuye May Yamada Interview,cc,Densho,,45,True
ddr-densho-1000-138,Tosh Yasutake Interview,cc,Densho,,42,True
ddr-densho-1000-139,Kara Kondo Interview,cc,Densho,,55,True
ddr-densho-1000-140,Mitsu Fukui Interview,cc,Densho,,40,True
ddr-densho-1000-141,Dale Minami Interview,cc,Densho,,45,True
ddr-densho-1000-142,Roger Shimomura Interview,cc,Densho,,67,True
ddr-densho-1000-143,Ruby Inouye Interview,cc,Densho,,55,True
ddr-densho-1000-145,Frank Miyamoto Interview IV,cc,Densho,,38,True
ddr-densho-1000-146,Robert Coombs Interview,cc,Densho,,33,True
ddr-densho-1000-147,Helen Amerman Manning Interview,cc,Densho,,18,True
ddr-densho-1000-148,Marion Tsutakawa Kanemoto Interview,cc,Densho,,49,True
ddr-densho-1000-149,"Minoru ""Min"" Tsubota Interview",cc,Densho,,44,True
ddr-densho-1000-150,Paul Bannai Interview II,cc,Densho,,25,True
ddr-densho-1000-151,Art Shibayama Interview,cc,Densho,,49,True
ddr-densho-1000-152,Betty Morita Shibayama Interview,cc,Densho,,44,True
ddr-densho-1000-153,Roy H. Matsumoto Interview,cc,Densho,,93,True
ddr-densho-1000-154,Arthur Ogami Interview,cc,Densho,,42,True
ddr-densho-1000-155,Emery Brooks Andrews Interview,cc,Densho,,35,True
ddr-densho-1000-156,Pramila Jayapal Interview I,cc,Densho,,38,True
ddr-densho-1000-157,Elaine Ishikawa Hayes Interview I,cc,Densho,,58,True
ddr-densho-1000-158,Elaine Ishikawa Hayes Interview II,cc,Densho,,29,True
ddr-densho-1000-159,Connie Thorson Chandler,cc,Densho,,21,False
ddr-densho-1000-160,Earl Hanson Interview,cc,Densho,,27,True
ddr-densho-1000-161,Pramila Jayapal Interview II,cc,Densho,,17,True
ddr-densho-1000-162,Ron Magden Interview,cc,Densho,,36,True
ddr-densho-1000-163,Elaine Ishikawa Hayes Interview III,cc,Densho,,23,True
ddr-densho-1000-164,Tom Akashi Interview,cc,Densho,,56,True
ddr-densho-1000-165,Hiroshi Kashiwagi Interview,cc,Densho,,35,True
ddr-densho-1000-166,Wesley K. Watanabe Interview,cc,Densho,,21,True
ddr-densho-1000-167,Joe Yamakido Interview,cc,Densho,,13,True
ddr-densho-1000-168,Mae Kanazawa Hara Interview,cc,Densho,,25,True
ddr-densho-1000-169,Charles Z. Smith Interview,cc,Densho,,29,True
ddr-densho-1000-170,Peggie Nishimura Bain Interview,cc,Densho,,71,True
ddr-densho-1000-171,May Y. Namba Interview,cc,Densho,,34,True
ddr-densho-1000-172,Yosh Nakagawa Interview,cc,Densho,,36,True
ddr-densho-1000-173,Alice Abrams Siegal Interview,cc,Densho,,28,True
ddr-densho-1000-174,May Ota Higa Interview,cc,Densho,,29,True
ddr-densho-1000-175,James Yamazaki Interview,cc,Densho,,42,True
ddr-densho-1000-176,Julie Otsuka Interview,cc,Densho,,23,True
ddr-densho-1000-177,Daryl Keck Interview,cc,Densho,,16,True
ddr-densho-1000-178,Bill Braye Interview,cc,Densho,,21,True
ddr-densho-1000-181,Fred Korematsu - Kathryn Korematsu Interview,cc,Densho,,21,True
ddr-densho-1000-182,George Morihiro Interview,cc,Densho,,52,True
ddr-densho-1000-183,Grant Hirabayashi Interview,cc,Densho,,42,True
ddr-densho-1000-184,Hideo Hoshide Interview I,cc,Densho,,56,True
ddr-densho-1000-185,Hideo Hoshide Interview II,cc,Densho,,37,True
ddr-densho-1000-186,Mii Tai Interview,cc,Densho,,19,True
ddr-densho-1000-187,George Yamada Interview,cc,Densho,,39,True
ddr-densho-1000-188,Mas Akiyama,cc,Densho,,25,True
ddr-densho-1000-189,Betty Fumiye Ito Interview,cc,Densho,,26,True
ddr-densho-1000-190,Fred Shiosaki Interview,cc,Densho,,48,True
ddr-densho-1000-191,Richard H. Yamamoto,cc,Densho,,22,True
ddr-densho-1000-192,Sumi Okamoto Interview,cc,Densho,,19,True
ddr-densho-1000-193,Sam Ogo Interview,cc,Densho,,21,True
ddr-densho-1000-194,Mara Mihara Interview,cc,Densho,,15,True
ddr-densho-1000-195,Seiko Edamatsu Interview,cc,Densho,,24,True
ddr-densho-1000-196,Ed Tsutakawa Interview,cc,Densho,,23,True
ddr-densho-1000-197,Kazue Yamamoto Interview,cc,Densho,,20,True
ddr-densho-1000-198,Henry Shimizu Interview,cc,Densho,,66,True
ddr-densho-1000-199,"Larry ""Shorty"" Kazumura Interview",cc,Densho,,18,True
ddr-densho-1000-200,Ehren Watada Interview,cc,Densho,,28,True
ddr-densho-1000-201,Kajiko Hashisaki Interview,cc,Densho,,28,True
ddr-densho-1000-202,Lucius Horiuchi Interview I,cc,Densho,,24,True
ddr-densho-1000-203,Fumi Kaseguma Interview,cc,Densho,,22,True
ddr-densho-1000-204,"James ""Turk"" Suzuki Interview",cc,Densho,,28,True
ddr-densho-1000-205,Joe Ishikawa Interview,cc,Densho,,26,True
ddr-densho-1000-206,Art Abe Interview,cc,Densho,,30,True
ddr-densho-1000-207,Mits Takahashi Interview,cc,Densho,,35,True
ddr-densho-1000-208,Sharon Tanagi Aburano Interview I,cc,Densho,,30,True
ddr-densho-1000-209,Sharon Tanagi Aburano Interview II,cc,Densho,,30,True
ddr-densho-1000-210,Gene Akutsu Interview II,cc,Densho,,15,True
ddr-densho-1000-211,Kazuko Uno Bill Interview I,cc,Densho,,29,True
ddr-densho-1000-212,Bessie Yoshida Konishi Interview,cc,Densho,,19,True
ddr-densho-1000-213,Aya Uenishi Medrud Interview,cc,Densho,,33,True
ddr-densho-1000-214,Nancy Sawada Miyagishima Interview,cc,Densho,,24,True
ddr-densho-1000-215,Mary Hamano Interview,cc,Densho,,28,True
ddr-densho-1000-216,Bob Y. Sakata Interview,cc,Densho,,22,True
ddr-densho-1000-217,Carolyn Takeshita Interview,cc,Densho,,19,True
ddr-densho-1000-218,Frank Shinichiro Tanabe Interview,cc,Densho,,28,True
ddr-densho-1000-219,Kazuko Uno Bill Interview II,cc,Densho,,11,True
ddr-densho-1000-220,James Hirabayashi Interview,cc,Densho,,16,True
ddr-densho-1000-221,Yae Aihara Interview,cc,Densho,,19,True
ddr-densho-1000-222,Roy Ebihara Interview,cc,Densho,,32,True
ddr-densho-1000-223,George Fujimoto Interview,cc,Densho,,18,True
ddr-densho-1000-224,Lillian Sato Interview,cc,Densho,,22,True
ddr-densho-1000-225,Kiyoko Morey Kaneko Interview,cc,Densho,,24,True
ddr-densho-1000-226,Irene Najima Interview,cc,Densho,,28,True
ddr-densho-1000-227,Tadashi Kuniyuki Interview,cc,Densho,,28,True
ddr-densho-1000-228,Sumie Suguro Akizuki Interview,cc,Densho,,20,True
ddr-densho-1000-229,Maynard Horiuchi Interview,cc,Densho,,34,True
ddr-densho-1000-230,Lucius Horiuchi Interview II,cc,Densho,,16,True
ddr-densho-1000-231,Eugene Tatsuru Kimura Interview,cc,Densho,,27,True
ddr-densho-1000-232,Kay Aiko Abe Interview,cc,Densho,,18,True
ddr-densho-1000-233,Peggy A. Nagae Interview I,cc,Densho,,17,True
ddr-densho-1000-234,Donald K. Tamaki Interview,cc,Densho,,19,True
ddr-densho-1000-235,Eric K. Yamamoto Interview,cc,Densho,,21,True
ddr-densho-1000-236,Satoru Ichikawa Interview,cc,Densho,,23,True
ddr-densho-1000-237,Hiro Nishimura Interview,cc,Densho,,27,True
ddr-densho-1000-238,Thomas T. Kobayashi Interview,cc,Densho,,25,True
ddr-densho-1000-239,Bernadette Suda Horiuchi Interview,cc,Densho,,35,True
ddr-densho-1000-240,"Toshikazu ""Tosh"" Okamoto Interview I",cc,Densho,,17,True
ddr-densho-1000-241,Tosh Tokunaga Interview,cc,Densho,,21,True
ddr-densho-1000-242,Nobuko Miyake-Stoner Interview,cc,Densho,,12,True
ddr-densho-1000-243,Muriel Chiyo Tanaka Onishi Interview,cc,Densho,,23,True
ddr-densho-1000-244,Edward K. Honda Interview,cc,Densho,,11,True
ddr-densho-1000-245,James A. Nakano Interview,cc,Densho,,25,True
ddr-densho-1000-246,Grace Sugita Hawley Interview,cc,Densho,,26,True
ddr-densho-1000-247,Paul Yempuku Interview,cc,Densho,,26,True
ddr-densho-1000-248,"Toshikazu ""Tosh"" Okamoto II",cc,Densho,,24,True
ddr-densho-1000-249,Grace Watanabe Kimura Interview,cc,Densho,,22,True
ddr-densho-1000-250,Aiko Herzig-Yoshinaga Interview II,cc,Densho,,27,True
ddr-densho-1000-251,Iku Kiriyama Interview,cc,Densho,,15,True
ddr-densho-1000-252,Chizuko Judy Sugita de Quieiroz Interview,cc,Densho,,16,True
ddr-densho-1000-253,Wakako Yamauchi Interview,cc,Densho,,22,True
ddr-densho-1000-254,Lillian Nakano Interview,cc,Densho,,20,True
ddr-densho-1000-255,Mary Kageyama Nomura Interview,cc,Densho,,29,True
ddr-densho-1000-256,June M. Hoshida Honma Interview,cc,Densho,,21,True
ddr-densho-1000-257,Yuri Kochiyama Interview,cc,Densho,,25,True
ddr-densho-1000-258,Frances Midori Tashiro Kaji Interview,cc,Densho,,24,True
ddr-densho-1000-259,Shig Miyaki Interview,cc,Densho,,21,True
ddr-densho-1000-260,Cedrick M. Shimo Interview,cc,Densho,,33,True
ddr-densho-1000-261,Frank Sumida Interview,cc,Densho,,47,True
ddr-densho-1000-262,Marian Shingu Sata Interview,cc,Densho,,22,True
ddr-densho-1000-263,"Tetsujiro ""Tex"" Nakamura Interview",cc,Densho,,24,True
ddr-densho-1000-264,William Hohri Interview,cc,Densho,,14,True
ddr-densho-1000-265,Kiyoshi Seishin Yamashita Interview,cc,Densho,,29,True
ddr-densho-1000-266,Setsu Tsuboi Tanemura Interview,cc,Densho,,23,True
ddr-densho-1000-267,Mae Iseri Yamada Interview,cc,Densho,,31,True
ddr-densho-1000-268,Kaz T. Tanemura Interview,cc,Densho,,24,True
ddr-densho-1000-269,Sumiko M. Yamamoto Interview,cc,Densho,,31,True
ddr-densho-1000-270,Jim M. Tanimoto Interview,cc,Densho,,30,True
ddr-densho-1000-271,Frank H. Hirata Interview,cc,Densho,,31,True
ddr-densho-1000-272,Shig Yabu Interview,cc,Densho,,25,True
ddr-densho-1000-273,Marjorie Matsushita Sperling Interview,cc,Densho,,30,True
ddr-densho-1000-274,Charles Oihe Hamasaki Interview,cc,Densho,,39,True
ddr-densho-1000-275,Fred Y. Hoshiyama Interview,cc,Densho,,35,True
ddr-densho-1000-276,Rose Matsui Ochi Interview I,cc,Densho,,20,True
ddr-densho-1000-277,Rose Matsui Ochi Interview II,cc,Densho,,17,True
ddr-densho-1000-278,Harry K. Yoshikawa Interview,cc,Densho,,33,True
ddr-densho-1000-279,Tetsuo Nomiyama Interview,cc,Densho,,26,True
ddr-densho-1000-280,Virgil W. Westdale Interview,cc,Densho,,49,True
ddr-densho-1000-281,Jim Matsuoka Interview,cc,Densho,,41,True
ddr-densho-1000-282,Kay Uno Kaneko Interview,cc,Densho,,28,True
ddr-densho-1000-283,Susumu Oshima Interview,cc,Densho,,25,True
ddr-densho-1000-284,Haruye Murakami Hagiwara Interview,cc,Densho,,26,True
ddr-densho-1000-285,Kazue Murakami Tanimoto Interview,cc,Densho,,19,True
ddr-densho-1000-286,"Hitoshi ""Hank"" Naito Interview",cc,Densho,,35,True
ddr-densho-1000-287,Masamizu Kitajima Interview,cc,Densho,,37,True
ddr-densho-1000-288,Mark M. Nakagawa Interview I,cc,Densho,,16,True
ddr-densho-1000-289,Bruce T. Kaji Interview I,cc,Densho,,28,True
ddr-densho-1000-290,Takashi Hoshizaki Interview,cc,Densho,,33,True
ddr-densho-1000-291,Gerald Fukui Interview,cc,Densho,,16,True
ddr-densho-1000-292,Fred Tadashi Shingu Interview,cc,Densho,,31,True
ddr-densho-1000-293,Aiko Tengan Tokunaga Interview,cc,Densho,,23,True
ddr-densho-1000-294,Hank Shozo Umemoto Interview I,cc,Densho,,30,True
ddr-densho-1000-295,Art Hansen Interview I,cc,Densho,,22,True
ddr-densho-1000-296,Orest Kruhlak Interview,cc,Densho,,24,True
ddr-densho-1000-297,Thomas Shigekuni Interview,cc,Densho,,20,True
ddr-densho-1000-298,Bacon Sakatani Interview,cc,Densho,,28,True
ddr-densho-1000-299,Archie Miyatake Interview,cc,Densho,,38,True
ddr-densho-1000-300,Bruce T. Kaji Interview II,cc,Densho,,18,True
ddr-densho-1000-301,Mark M. Nakagawa Interview II,cc,Densho,,11,True
ddr-densho-1000-302,Min Tonai Interview II,cc,Densho,,16,True
ddr-densho-1000-303,Hikaru Morohoshi Interview,cc,Densho,,12,True
ddr-densho-1000-304,Yoshiko Asakura Interview,cc,Densho,,8,True
ddr-densho-1000-305,Nancy K. Araki Interview I,cc,Densho,,25,True
ddr-densho-1000-306,Taneyuki Dan Harada Interview,cc,Densho,,26,True
ddr-densho-1000-307,Toru Saito Interview,cc,Densho,,20,True
ddr-densho-1000-308,James O. Ito Interview,cc,Densho,,13,True
ddr-densho-1000-309,Toshi Nagamori Ito Interview,cc,Densho,,30,True
ddr-densho-1000-310,Art Hansen Interview II,cc,Densho,,15,True
ddr-densho-1000-311,Jimmie S. Matsuda Interview,cc,Densho,,30,True
ddr-densho-1000-312,Jimi Yamaichi Interview II,cc,Densho,,24,True
ddr-densho-1000-313,Roy M. Hirabayashi Interview,cc,Densho,,28,True
ddr-densho-1000-314,PJ Hirabayashi Interview,cc,Densho,,20,True
ddr-densho-1000-315,Catherine Embree Harris Interview,cc,Densho,,10,True
ddr-densho-1000-316,Ramsay Yosuke Mori Interview,cc,Densho,,28,True
ddr-densho-1000-317,Izumi Hirano Interview,cc,Densho,,20,True
ddr-densho-1000-318,Toshio Moritsugu Interview,cc,Densho,,25,True
ddr-densho-1000-319,Helene J. Minehira Interview,cc,Densho,,24,True
ddr-densho-1000-320,Yutaka Inokuchi Interview,cc,Densho,,18,True
ddr-densho-1000-321,Akira Otani Interview,cc,Densho,,26,True
ddr-densho-1000-322,John Kats Marumoto Interview,cc,Densho,,24,True
ddr-densho-1000-323,Chizuko Omori Interview I,cc,Densho,,16,True
ddr-densho-1000-324,Hannah Lai Interview,cc,Densho,,20,True
ddr-densho-1000-325,Jack Dairiki Interview,cc,Densho,,22,True
ddr-densho-1000-326,Jun Dairiki Interview,cc,Densho,,15,True
ddr-densho-1000-327,Paul Takagi Interview,cc,Densho,,20,True
ddr-densho-1000-328,Marion Michiko Bernardo Interview,cc,Densho,,19,True
ddr-densho-1000-329,K. Morgan Yamanaka Interview,cc,Densho,,33,True
ddr-densho-1000-330,Lloyd K. Wake Interview,cc,Densho,,28,True
ddr-densho-1000-331,Ruth Y. Okimoto Interview,cc,Densho,,22,True
ddr-densho-1000-332,Marshall M. Sumida Interview,cc,Densho,,18,True
ddr-densho-1000-333,Richard E. Yamashiro Interview,cc,Densho,,25,True
ddr-densho-1000-334,Ted Kitayama Interview,cc,Densho,,20,True
ddr-densho-1000-335,Miyo Minnie Uratsu Interview,cc,Densho,,20,True
ddr-densho-1000-336,Chizuko Omori Interview II,cc,Densho,,10,True
ddr-densho-1000-337,Kazuko Iwahashi Interview,cc,Densho,,24,True
ddr-densho-1000-338,Tetsushi Marvin Uratsu Interview,cc,Densho,,29,True
ddr-densho-1000-339,Bob Santos Interview I,cc,Densho,,16,True
ddr-densho-1000-340,Bob Santos Interview II,cc,Densho,,14,True
ddr-densho-1000-341,Frank Hiratsuka Interview,cc,Densho,,17,True
ddr-densho-1000-342,Margaret Junko Morita Hiratsuka Interview,cc,Densho,,16,True
ddr-densho-1000-343,Betty Tanakatsubo Interview,cc,Densho,,20,True
ddr-densho-1000-344,Kiyo Yoshimura Interview,cc,Densho,,17,True
ddr-densho-1000-345,Richard Iwao Hidaka Interview,cc,Densho,,19,True
ddr-densho-1000-346,Jane Hidaka Interview,cc,Densho,,9,True
ddr-densho-1000-347,Michiko Frances Chikahisa Interview,cc,Densho,,25,True
ddr-densho-1000-348,Atsumi Ozawa Interview,cc,Densho,,19,True
ddr-densho-1000-349,Margie Nahmias Angel Interview,cc,Densho,,13,True
ddr-densho-1000-350,Robert T. Ohashi Interview,cc,Densho,,24,True
ddr-densho-1000-351,Marian A. Ohashi Interview,cc,Densho,,16,True
ddr-densho-1000-352,Bob Santos Interview III,cc,Densho,,13,True
ddr-densho-1000-353,Yuriko Hohri Interview,cc,Densho,,23,True
ddr-densho-1000-354,Min Tonai Interview I,cc,Densho,,33,True
ddr-densho-1000-355,Jack Y. Kunitomi Interview I,cc,Densho,,15,True
ddr-densho-1000-356,Robert M. Wada Interview I,cc,Densho,,28,True
ddr-densho-1000-357,Nancy K. Araki Interview II,cc,Densho,,13,True
ddr-densho-1000-358,Roy Nakagawa Interview,cc,Densho,,29,True
ddr-densho-1000-359,George Nakano Interview I,cc,Densho,,29,True
ddr-densho-1000-360,Robert M. Wada Interview II,cc,Densho,,29,True
ddr-densho-1000-361,George Nakano Interview II,cc,Densho,,21,True
ddr-densho-1000-362,Mary T. Karatsu Interview,cc,Densho,,30,True
ddr-densho-1000-363,Art Ishida Interview,cc,Densho,,27,True
ddr-densho-1000-364,Phil Shigekuni Interview,cc,Densho,,22,True
ddr-densho-1000-365,Tak Yamashita Interview,cc,Densho,,36,True
ddr-densho-1000-366,Mits Yamasaki Interview,cc,Densho,,27,True
ddr-densho-1000-367,Frank S. Kawana Interview,cc,Densho,,27,True
ddr-densho-1000-368,Harry Kawahara Interview,cc,Densho,,23,True
ddr-densho-1000-369,Takeshi Nakayama Interview,cc,Densho,,20,True
ddr-densho-1000-370,Esther Takei Nishio Interview,cc,Densho,,34,True
ddr-densho-1000-373,Frank K. Omatsu Interview,cc,Densho,,33,True
ddr-densho-1000-374,Yasu Koyamatsu Momii Interview,cc,Densho,,28,True
ddr-densho-1000-375,Takayo Tsubouchi Fischer Interview,cc,Densho,,22,True
ddr-densho-1000-376,Jack Y. Kunitomi Interview II,cc,Densho,,16,True
ddr-densho-1000-377,Yukio Kawaratani Interview,cc,Densho,,41,True
ddr-densho-1000-378,Emi Somekawa Interview,cc,Densho,,25,True
ddr-densho-1000-379,Peggy Yamato Mikuni Interview,cc,Densho,,34,True
ddr-densho-1000-380,Mo Nishida Interview I,cc,Densho,,26,True
ddr-densho-1000-381,Ike Hatchimonji Interview,cc,Densho,,22,True
ddr-densho-1000-382,Mo Nishida Interview II,cc,Densho,,13,True
ddr-densho-1000-383,Christie O. Ichikawa Interview,cc,Densho,,31,True
ddr-densho-1000-385,Yosh Nakamura Interview,cc,Densho,,16,True
ddr-densho-1000-386,Hy Shishino Interview,cc,Densho,,33,True
ddr-densho-1000-387,Mary Schroeder Interview,cc,Densho,,7,True
ddr-densho-1000-388,Elsa Kudo Interview,cc,Densho,,22,True
ddr-densho-1000-389,Harriet Sato Masunaga Interview,cc,Densho,,13,True
ddr-densho-1000-390,Ben Y. Tonooka Interview,cc,Densho,,31,True
ddr-densho-1000-391,Nancy Shimotsu Interview,cc,Densho,,39,False
ddr-densho-1000-392,Setsuko Izumi Asano Interview,cc,Densho,,26,True
ddr-densho-1000-393,Bill Hiroshi Shishima Interview,cc,Densho,,26,True
ddr-densho-1000-394,Minoru Tajii Interview,cc,Densho,,31,True
ddr-densho-1000-395,Genro Kashiwa Interview,cc,Densho,,13,True
ddr-densho-1000-396,Maurice H. Yamasato Interview,cc,Densho,,11,True
ddr-densho-1000-397,Larry R. Pacheco Interview,cc,Densho,,14,True
ddr-densho-1000-398,Dorothy Michiko Ishimatsu Interview,cc,Densho,,14,True
ddr-densho-1000-399,Peggy S. Furukawa Interview,cc,Densho,,17,True
ddr-densho-1000-400,Molly Enta Kitajima Interview,cc,Densho,,21,True
ddr-densho-1000-401,John Y. Hayakawa Interview,cc,Densho,,22,True
ddr-densho-1000-402,Sam Araki Interview I,cc,Densho,,15,True
ddr-densho-1000-403,Dave T. Maruya Interview,cc,Densho,,26,True
ddr-densho-1000-404,Ted Tsukiyama Interview,cc,Densho,,12,True
ddr-densho-1000-405,"Kiwamu ""Kiyo"" Tsuchida Interview",cc,Densho,,28,True
ddr-densho-1000-406,Jane Komeiji Interview,cc,Densho,,21,True
ddr-densho-1000-407,Shizue Irei Interview,cc,Densho,,16,True
ddr-densho-1000-408,Yuriko Yamamoto Interview,cc,Densho,,24,True
ddr-densho-1000-409,Jack Y. Kubota Interview,cc,Densho,,23,True
ddr-densho-1000-410,Warren Koichi Suzuki Interview,cc,Densho,,14,True
ddr-densho-1000-411,Yoshihiro Uchida Interview,cc,Densho,,24,True
ddr-densho-1000-412,Kazumi Yoneyama Interview,cc,Densho,,18,True
ddr-densho-1000-413,Shyoko Hiraga Interview,cc,Densho,,21,True
ddr-densho-1000-414,Roger Daniels Interview I,cc,Densho,,22,True
ddr-densho-1000-415,Roger Daniels Interview II,cc,Densho,,20,True
ddr-densho-1000-416,Roger Daniels Interview III,cc,Densho,,20,True
ddr-densho-1000-417,Joanne F. Oppenheim Interview,cc,Densho,,14,True
ddr-densho-1000-418,Roger Daniels Interview IV,cc,Densho,,15,True
ddr-densho-1000-419,David R. Boyd - Marietta Boyd Gruner Interview,cc,Densho,,12,True
ddr-densho-1000-420,Molly K. Maeda Interview,cc,Densho,,23,True
ddr-densho-1000-421,Miyoko Tsuboi Nakagawa Interview,cc,Densho,,17,True
ddr-densho-1000-422,Giro Nakagawa Interview,cc,Densho,,21,True
ddr-densho-1000-423,Eiichi Yamashita Interview I,cc,Densho,,19,True
ddr-densho-1000-424,Eiichi Yamashita Interview II,cc,Densho,,11,True
ddr-densho-1000-425,Eleanor Davis Interview,cc,Densho,,13,True
ddr-densho-1000-426,Clara S. Hattori Interview I,cc,Densho,,17,True
ddr-densho-1000-427,Clara S. Hattori Interview II,cc,Densho,,20,True
ddr-densho-1000-428,Ken Yoshida Interview,cc,Densho,,13,True
ddr-densho-1000-429,Kazie Good Interview,cc,Densho,,21,True
ddr-densho-1000-430,Takeko Yokoyama Todo Interview,cc,Densho,,21,True
ddr-densho-1000-431,Frank Muramatsu Interview,cc,Densho,,16,True
ddr-densho-1000-432,Tokio Yamane Interview,cc,Densho,,38,True
ddr-densho-1000-434,Florence Ohmura Dobashi Interview,cc,Densho,,24,True
ddr-densho-1000-435,Janice Mirikitani Interview,cc,Densho Visual History Collection,,11,True
ddr-densho-1000-436,Misa Taketa Interview,cc,Densho,,22,True
ddr-densho-1000-437,Sam Araki Interview II,cc,Densho,,8,True
ddr-densho-1000-438,Michael J. Forrester Interview,cc,Densho Visual History Collection,,20,True
ddr-densho-1000-439,Tsuchino Forrester Interview,cc,Densho Visual History Collection,,21,True
ddr-densho-1000-442,Sakaye Aratani Interview,cc,Densho Visual History Collection,,16,True
ddr-densho-1000-445,Frank Saburo Sato Interview I,cc,Densho,,20,True
ddr-densho-1000-446,Frank Saburo Sato Interview II,cc,Densho,,19,True
ddr-densho-1000-448,Kanji Sahara Interview,cc,Densho,,21,True
ddr-densho-1000-449,Miyoko Kaneta Interview,cc,Densho,,17,True
ddr-densho-1000-450,Alan Nishio Interview,cc,Densho,,20,True
ddr-densho-1000-451,Elsie Uyematsu Osajima Interview,cc,Densho,,18,True
ddr-densho-1000-452,Bob Suzuki Interview,cc,Densho,,18,True
ddr-densho-1000-453,June Yasuno Aochi (Yamashiro) Berk Interview,cc,Densho,,16,True
ddr-densho-1000-454,May Ohmura Watanabe Interview,cc,Densho,,17,True
ddr-densho-1000-455,Wilbur Sato Interview,cc,Densho,,16,True
ddr-densho-1000-456,Hatsuko Mary Higuchi Interview,cc,Densho,,15,True
ddr-densho-1000-458,Hal Keimi Interview,cc,Densho,,26,True
ddr-densho-1000-459,Barbara Reiko Mikami Keimi Interview,cc,Densho,,16,True
ddr-densho-1000-460,Ron Wakabayashi Interview,cc,Densho,,20,True
ddr-densho-1000-461,Ronald Ikejiri Interview,cc,Densho,,25,True
ddr-densho-1000-462,Hank Shozo Umemoto Interview II,cc,Densho,,13,True
ddr-densho-1000-463,Nancy Kyoko Oda Interview,cc,Densho,,14,True
ddr-densho-1000-464,Alan Kumamoto Interview,cc,Densho,,18,True
ddr-densho-1000-465,Cookie Takeshita Interview,cc,Densho,,19,True
ddr-densho-1000-466,Floyd Shimomura Interview,cc,Densho,,20,True
ddr-densho-1000-467,Ben Takeshita Interview,cc,Densho,,13,True
ddr-densho-1000-468,Norm Hayashi Interview,cc,Densho,,24,True
ddr-densho-1000-469,John Tateishi Interview,cc,Densho,,19,True
ddr-densho-1000-470,Amy Iwasaki Mass Interview,cc,Densho,,14,True
ddr-densho-1000-471,Helen Takeshita Interview,cc,Densho,,12,True
ddr-densho-1000-472,Lawson I. Sakai Interview,cc,Densho,,19,True
ddr-densho-1000-473,Flora Ninomiya Interview,cc,Densho,,19,True
ddr-densho-1000-474,Satsuki Ina Interview,cc,Densho,,17,True
ddr-densho-1000-475,Hisaji Q. Sakai Interview,cc,Densho,,14,True
ddr-densho-1000-476,Yae Wada Interview,cc,Densho,,18,True
ddr-densho-1000-477,Noboru Kamibayashi Interview,cc,Densho,,17,True
ddr-densho-1000-479,Gary M. Itano Interview,cc,Densho,,19,True
ddr-densho-1000-480,Jimmy Naganuma Interview,cc,Densho,,20,True
ddr-densho-1000-481,George Kazuharu Naganuma Interview,cc,Densho,,15,True
ddr-densho-1000-482,Kazumu Naganuma Interview,cc,Densho,,14,True
ddr-densho-1000-483,Diana Morita Cole Interview,cc,Densho,,20,True
ddr-densho-1000-484,Tom Ikeda Interview,cc,Densho,,28,True
ddr-densho-1000-485,Yoshiye Handa Yasuda Interview,cc,Densho,,20,True
ddr-densho-1000-486,Ron Osajima Interview,cc,Densho,,24,True
ddr-densho-1000-487,Victor Ikeda Interview,cc,Densho,,22,True
ddr-densho-1000-491,Homer Yasui Interview,cc,Densho,,21,True
ddr-densho-1000-492,Toshiko Hayashi Interview,cc,Densho,,24,True
ddr-densho-1000-493,Hannah Hirabayashi Interview,cc,Densho,,16,True
ddr-densho-1000-494,Mary Kato - Frances Kajita Nishi Interview,cc,Densho,,22,True
ddr-densho-1000-495,Kenji Ima Interview,cc,Densho,,19,True
ddr-densho-1000-496,Susumu Nakanishi Interview,cc,Densho,,18,True
ddr-densho-1000-497,Makoto Otsu Interview,cc,Densho,,20,True
ddr-densho-1000-498,David Sakura Interview I,cc,Densho,,19,True
ddr-densho-1000-499,Frank T. Sata Interview I,cc,Densho,,20,True
ddr-densho-1000-501,Lynne Horiuchi Interview,cc,Densho,,19,True
ddr-densho-1000-503,Elliot Yoshinobu Horikoshi Interview,cc,Densho,,17,True
ddr-densho-1000-504,Mary Jane Mikuriya Interview,cc,Densho,,27,True
ddr-densho-1000-505,Helen T. Sasaki Interview,cc,Densho,,22,True
ddr-densho-1000-506,Hubert Yoshida Interview,cc,Densho,,31,True
ddr-densho-1000-507,Paul Yamazaki Interview,cc,Densho,,22,True
ddr-densho-1000-508,Takae Tanino Walts Interview,cc,Densho,,27,True
ddr-densho-1000-509,Dotti Yasuko Tagawa Reisbord Interview,cc,Densho,,21,True
ddr-densho-1000-510,Mary Kinoshita Ikeda Interview,cc,Densho,,27,True
ddr-densho-1000-511,Mary Okazaki Kozu Interview,cc,Densho,,25,True
ddr-densho-1000-512,Frank T. Sata Interview II,cc,Densho,,19,True
ddr-densho-1000-513,David Sakura Interview II,cc,Densho,,15,True
ddr-densho-1000-514,Jane Kurahara Interview,cc,Densho,,23,True
ddr-densho-1000-515,Robert Moriguchi Interview,cc,Densho,,25,True
ddr-densho-1000-516,Sam Mihara Interview,cc,Densho,,25,True
ddr-densho-1000-517,Stanley N. Shikuma Interview I,cc,Densho,,20,True
ddr-densho-1000-518,Jan Kumasaka Interview,cc,Densho,,12,True
ddr-densho-1000-519,David Yano Interview,cc,Densho,,9,True
ddr-densho-1000-520,Stanley N. Shikuma Interview II,cc,Densho,,16,True
ddr-densho-1000-521,Sumiko Higashi Interview,cc,Densho,,16,True
ddr-densho-1000-522,Douglas L. Aihara Interview,cc,Densho,,24,True
ddr-densho-1000-523,Amy Uyematsu Interview I,cc,Densho,,13,True
ddr-densho-1000-524,Amy Uyematsu Interview II,cc,Densho,,19,True
ddr-densho-1000-525,Mike Murase Interview I,cc,Densho,,23,True
ddr-densho-1000-526,Mike Murase Interview II,cc,Densho,,17,True
ddr-densho-1000-527,Karen Yoshitomi Interview,cc,Densho,,14,True
ddr-densho-1000-528,Frank Abe Interview I,cc,Densho,,30,False
ddr-densho-1000-529,Sharon Maeda Interview,cc,Densho,,20,True
ddr-densho-1000-530,Frank Abe Interview II,cc,Densho,,24,False
ddr-densho-1000-531,Frank Abe Interview III,cc,Densho,,16,False
ddr-densho-1000-532,Chisao Hata interview,cc,Densho,,20,True
ddr-densho-1000-533,Jeff Furumura Interview I,cc,Densho,,17,True
ddr-densho-1000-535,Nick Nagatani Interview I,cc,Densho,,17,True
ddr-densho-1000-536,John A. (Jack) Svahn Interview,cc,Densho,,20,True
ddr-densho-1000-537,Lon Inaba Interview,cc,Densho,,26,True
ddr-densho-1000-538,Shiz Inaba Interview,cc,Densho,,20,True
ddr-densho-1000-539,Jeff Furumura Interview II,cc,Densho,,20,True
ddr-densho-1000-540,Nick Nagatani Interview II,cc,Densho,,15,True
ddr-densho-1000-542,Kathy Nishimoto Masaoka Interview I,cc,Densho,,31,True
ddr-densho-1000-543,Robert Katsusuke Ogata Interview,cc,Densho,,34,True
ddr-densho-1000-544,Kathy Nishimoto Masaoka Interview II,cc,Densho,,24,True
ddr-densho-1000-546,Ron Kenmotsu Interview,cc,Densho,,27,True
ddr-densho-1000-547,Misa (Oiye) Mihara Interview,cc,Densho,,43,True
ddr-densho-1000-550,Patricia Kiwa Koyamatsu Interview,cc,Densho,,29,False
ddr-densho-1000-551,Alan Kondo Interview,cc,Densho,,27,False
